,n16S.mean,n16S.sd,nge.mean,nge.sd,ncds.mean,ncds.sd,genome_size.mean,genome_size.sd,GC.mean,GC.sd,phi.mean,phi.sd,confidence.mean,confidence.sd,gRodon.d.mean,gRodon.d.sd
220410_Pyro_leaf_166_16S.16S.exp.,1.6393373306135428,0.9731457146587198,1.3544362742456546,0.9260095548392481,3881.9963242376275,1168.861328609308,4609782.9631815255,1691134.6706332606,58.332093142290525,10.548194248172583,0.3461461560597179,0.13885993977030553,0.524038425201609,0.21986390865698813,5.925803861814286,3.411945794017229
220410_Pyro_leaf_163_16S.16S.exp.,1.9837308548031984,1.2796934406993083,1.436076284321386,0.8884210736754964,3864.677947251067,1324.5700246414922,4533723.582407606,1717644.1463341387,57.96509756854988,11.235840406517855,0.3630787748461875,0.13527042822879856,0.4933533595794745,0.1996374175727574,4.735017252269956,3.5054405990611506
220410_Pyro_water_89_16S.16S.exp.,2.509371450769626,0.8233239596096482,1.2637396374329748,0.687797428218149,2847.377813428016,772.6194196724068,3187557.5882225255,956619.5590879685,47.48141509956991,8.308122284395743,0.37212514974197797,0.12705932010238769,0.3834029140196542,0.13846404846524413,2.67544368931061,2.144085271264728
220410_Pyro_water_61_16S.16S.exp.,1.7226344738978614,1.0488744261366192,1.1436606935301588,0.6208414637017482,2722.2774786491123,1229.122276830365,2996664.943285843,1690477.3154572153,46.41818055872639,6.302873218865079,0.36319632799130713,0.104334174834527,0.4857122360213276,0.1700053427761861,4.268467498632814,1.9946677518866838
220410_Pyro_plank_102_16S.16S.exp.,2.748171726360407,0.6967825343515527,2.7446796663402733,1.1252089823612248,4940.806868787442,1269.4917801543666,6220786.080103836,1910446.8016102759,50.57892860673505,10.344104851081559,0.40374768714761033,0.0848359970188568,0.4387805411797857,0.1373066106587432,6.993969457826349,2.3808223907541413
220410_Pyro_water_90_16S.16S.exp.,2.271997610949399,1.1148354601571604,1.4206831351778093,0.9388132511859419,3929.4965798478343,1292.9697264878869,4724045.603119663,1643271.3022657644,49.29567082969869,11.87364454057998,0.30622559390731985,0.14714321102812686,0.517652648938177,0.2513823782737948,5.01606426067255,3.399148478277869
220410_Pyro_leaf_142_16S.16S.exp.,3.174258537720578,1.3320757852662788,1.1809929632795988,0.5249110676759613,3301.316413887349,885.9041652613965,3965215.28851406,1060030.3264478242,50.43900588603104,10.301418642496541,0.2983413091121143,0.11989312944993323,0.3789326400140818,0.20703537915825848,4.816796655380526,3.3230426008101466
220410_Pyro_water_81_16S.16S.exp.,2.0463040585405157,1.0689164407276772,1.068702275694475,0.4219146370759372,2605.6581973860166,1081.9023313388502,2927222.1866763867,1351636.4365226747,45.554707626992816,11.28959201589276,0.3750626863550544,0.142201395732398,0.42557287697380847,0.1862735151610493,4.850795962386179,3.5063252608409003
220410_Pyro_plank_107_16S.16S.exp.,3.3980150798429904,1.8325432488341624,2.5810347533818327,2.072783522222488,4195.044754425111,1559.683437559046,4854540.072685554,1932444.8236260642,53.50783581399042,13.603283510171,0.40314095491897817,0.10611598782535903,0.4436057757279431,0.14670106618499298,4.558720454878011,2.9187086423494017
220410_Pyro_water_34_16S.16S.exp.,2.2936550082493503,0.7726947327394168,1.2269094926217115,0.5622700158987841,3219.6291838531783,948.5723059039578,3709666.078242587,1244895.9714303159,48.835939098497334,9.44381926625611,0.3380910006547635,0.11986654754470198,0.5741210251999006,0.22395198348990308,2.9303765797829078,1.6513699098269408
220410_Pyro_mock_183_16S.16S.exp.,5.626766394506467,1.8063944805357541,2.207372540969052,2.1193456991789263,2945.893573088045,1208.460097723821,3156966.3538286025,1394478.490372108,40.20769092510382,10.679551892308664,0.5084498776185236,0.03612858633829865,0.504589487143477,0.03735650872773097,1.5261547910059843,0.7827973544080916
220410_Pyro_water_01_16S.16S.exp.,1.9638835176103948,1.5559234244875695,1.1047365909630682,0.5475218928933401,3390.2911258688996,789.1551814832087,3761666.7813013946,863104.8502474416,57.636827103453406,12.013050744226264,0.43261531505261136,0.12112099015044522,0.5316840489341624,0.1817460018352329,5.267332076009086,3.957631385090489
220410_Pyro_water_41_16S.16S.exp.,1.6471468090947188,0.8534359264135464,1.2997257617299927,0.9492254999639577,3316.7686200938856,1058.3793894125479,3726426.0541767827,1286131.0389270957,55.82282606143997,12.583799579843744,0.4390181876678428,0.12719815003384854,0.5122691756598186,0.14181384767004496,5.168526825053429,2.230820243540104
220410_Pyro_leaf_158_16S.16S.exp.,2.1956028108283805,1.4270439837409947,1.3934539217877477,0.9178918437182878,3700.666695306874,1148.4324908165875,4314562.728513873,1517121.6900286851,57.8629090653618,11.09029471827369,0.37081777521027426,0.12800649158524652,0.5263833505259102,0.18812588918772685,4.489441525911953,3.4439799895153262
220410_Pyro_plank_99_16S.16S.exp.,1.9986981256010439,1.5717624260148546,5.402528126810499,2.931264606018639,2048.014050518447,1578.09397142332,2365668.499880731,1908202.2603388745,37.165293242753776,13.31605692294024,0.45365252505837717,0.10493655950260408,0.46489773181556154,0.1189250630663015,5.284950605238263,3.282502726953735
220410_Pyro_leaf_171_16S.16S.exp.,1.6873634005065126,0.9179292353867994,1.3288091131652693,0.9066977600788667,4040.4547568186667,1636.589238527552,4946435.4105658755,2249485.008488451,52.529824482927545,13.128311218880418,0.3224687693266209,0.16683688419171283,0.4403438952642294,0.2518707007228886,5.67016642911256,3.3922592519170753
220410_Pyro_leaf_144_16S.16S.exp.,2.069226258740889,1.2315554932026902,1.4786338667153551,1.1528155906941815,3459.3336912028713,1445.9827413537287,4072302.675809736,1815513.0779841964,52.82998312265017,14.130483804335533,0.3859301831763513,0.15541312531861068,0.5025606185489112,0.19922965281694147,5.230961639350748,3.678560814407019
220410_Pyro_water_87_16S.16S.exp.,2.1097195612744506,1.0744493929980659,1.2883595874139544,0.9375386457221608,3364.230904394723,1284.91002806181,3788647.679371848,1621169.7045273315,48.67641273031726,13.901379770695875,0.38334040056917773,0.17078535822900467,0.469298143722479,0.21183737413736178,3.8209989459971707,2.2759708886239287
220410_Pyro_leaf_152_16S.16S.exp.,2.378560043256774,1.4948582326108075,1.475403629801088,1.388615646131731,3541.7933447018877,1584.2453574591905,4108351.0810964433,1922181.3918731783,51.40892356075963,15.284495071450236,0.40257446837487676,0.15865661726243618,0.4695264930233695,0.19025925004708763,4.714078222778304,3.5717658086488813
220410_Pyro_plank_93_16S.16S.exp.,3.004902564628949,1.9087624527997211,1.844776681113798,1.602993088139454,3317.1197677011173,1252.9408427381989,3753473.978888568,1395060.1365073947,54.72639935196028,11.501851169598552,0.4297281019847798,0.09071290574704963,0.5224460544931763,0.1459748746817272,4.561499150519228,2.890864822545986
220410_Pyro_leaf_145_16S.16S.exp.,1.8100098492777699,1.047427328204304,1.5407224178411372,1.0631168388023278,3671.125875432135,1292.6366228344334,4281268.36987346,1640808.8060961303,56.936454263363174,12.099208342159585,0.36570847072926715,0.1325008780725291,0.49880367446888335,0.1998160983112199,5.646790667628555,3.7388367535820346
220410_Pyro_water_15_16S.16S.exp.,2.392221771632426,1.3003503010216788,1.6817317595618186,1.716539714233044,3423.5604226358982,1296.5939015653555,3924363.885218666,1539634.383460303,46.92363309248494,13.126301334331904,0.3871088291077878,0.14660768145244837,0.4444272334007582,0.18840146427678753,4.326794929616182,3.202730421533858
220410_Pyro_leaf_135_16S.16S.exp.,1.84713253689753,1.0384032575224351,1.2473862312320907,0.7133935481682028,3810.4417054137944,1167.411097685449,4567641.110664689,1497589.1615742561,58.03259378682975,11.197038594639594,0.32509509670263265,0.11966809452070544,0.5337140592809394,0.21076015569139828,4.781298817521541,3.1955652058506225
220410_Pyro_plank_104_16S.16S.exp.,2.4012652039663265,0.847552269654294,3.1740943760649043,2.539798012227289,3719.9108160002625,1508.2613870742375,4273091.514394693,1823647.5153281144,49.65222284535004,17.238267233334795,0.41564759887382297,0.129304657403919,0.4503417960789253,0.16059461973811806,5.402176989358353,2.0299792765943074
220410_Pyro_water_49_16S.16S.exp.,2.365953447415866,0.7980647318610716,1.3822513139176262,0.994478616024894,3176.7638759129554,995.7847276826121,3677439.181516065,1333145.3871349003,47.185275905507325,10.961431412672765,0.3149326368759439,0.10408455886699225,0.528600528901469,0.2458339540972105,2.8641053817956554,1.7864518988695937
220410_Pyro_plank_125_16S.16S.exp.,2.6100755741608914,1.1387684400185771,1.837637481982533,1.2996741711044464,3788.52606019074,1056.41479207217,4311805.167703117,1353629.9791929189,57.94314450217487,14.31403533983284,0.3890684915891386,0.1050749380218224,0.42384219050489796,0.14263161597766438,4.8861998771082105,2.580882093545653
220410_Pyro_mock_184_16S.16S.exp.,5.7272282830305326,1.8016052071564486,1.8348301279254895,1.6392142281081377,2948.792329948839,1192.354226335093,3142222.8754612724,1350235.8768677958,40.122127368117866,10.576908502177348,0.5060355954916242,0.033894766066705065,0.5025950166055589,0.035349940558257735,1.4699032500138551,0.7941243502249036
220410_Pyro_leaf_173_16S.16S.exp.,2.069176219707825,1.1177015297153372,1.3145714087012454,0.8093880096239369,3837.4486950715423,1279.9764921089225,4578994.17832708,1791714.6784541798,57.95022195194521,10.484533706962944,0.35211918129071845,0.12838464058250781,0.4728743276888456,0.20115287219764078,5.241222002174319,4.259744447655067
220410_Pyro_water_18_16S.16S.exp.,1.986861972780056,1.1635684242797837,1.9143333702069756,1.8166962494452512,3503.483421582278,1130.978618971594,3930391.474506616,1297315.7081623818,53.36961961988862,13.989724138564787,0.4261349261858984,0.1278612653954101,0.5065521664696725,0.17979005775647341,4.747408090658486,2.9761043316667415
220410_Pyro_plank_118_16S.16S.exp.,2.8939729918655535,0.9504195885999982,1.5441613408722747,1.843302295708126,3178.507571595756,824.6379460297075,3503844.0601451644,1022078.0869305037,54.38453456913645,12.036319170603537,0.377257518515607,0.08448240726990792,0.38875918744585763,0.09987016037369302,3.8423610081504034,1.5458511792834986
220410_Pyro_leaf_165_16S.16S.exp.,2.272306087864184,1.2714583556878194,1.3251699071104488,0.7323636018231428,3594.530042647476,1106.6464088858675,4193511.7620619875,1410559.5413846695,57.75397717156438,10.886940654268262,0.35648668900104663,0.11492350419423976,0.4949683620379863,0.18102734627409747,5.113249197843039,3.5268229373660214
220410_Pyro_leaf_157_16S.16S.exp.,2.096276956741368,1.1323478690936286,1.3510855188164572,0.8178287884177486,3665.746428284468,1179.1758667822785,4281728.080648692,1480851.0042070418,56.80935934897864,10.907558277317948,0.35125032413145557,0.12399407409678811,0.48164553151821216,0.20309707027200855,5.378503778436518,4.197540333579197
220410_Pyro_leaf_127_16S.16S.exp.,2.1023755188789908,1.1392055875729807,1.3123757974479826,0.7833460312958302,3584.9362809847785,1101.172972581336,4194249.7552162437,1389632.7637530772,56.27657475019643,11.66091345891359,0.3431088734175052,0.11725895758036539,0.498104452860902,0.20577654306420476,5.134910913449685,3.5849773665075766
220410_Pyro_leaf_159_16S.16S.exp.,1.8164772875075728,1.1373781615979839,1.4834958333793609,0.9931262266633653,3871.1882566885665,1134.830768470793,4567001.6425970495,1572819.309071467,57.35058326506847,11.029343183117941,0.3438573382184092,0.13241401756164697,0.512744135905223,0.22020546012227557,5.014924590067661,3.1028384077192666
220410_Pyro_water_69_16S.16S.exp.,1.9550976970642655,0.9722449904070855,1.23481162747165,1.0472970398689119,2809.7078538339215,1167.0475596720153,3177514.0913115866,1576208.6371560036,45.539182008432135,7.667761367709318,0.36009881686323836,0.12371005213901583,0.4845899855160519,0.19645585649492653,4.766982459185773,3.5145238155690546
220410_Pyro_water_72_16S.16S.exp.,1.7749165234236608,1.007927016614721,1.2423401707205162,1.049343265986703,3008.5815097544373,1304.0639234427586,3360064.437239114,1795597.1825928893,48.033936273232605,7.900264964297552,0.3441933290897181,0.10988331425305893,0.4537374862276923,0.18368938793400622,4.326073706746313,1.9882611687607252
220410_Pyro_mock_182_16S.16S.exp.,5.805413505539544,1.820365680911547,2.0398259595915533,1.7766131632261863,2892.5380473242612,1192.513279504457,3096218.487484033,1381152.3264499856,40.27988049528029,10.969751382911992,0.5051091092835737,0.034006670912818476,0.5058399085087653,0.03374060088353963,1.485584925162564,0.814769097795927
220410_Pyro_leaf_138_16S.16S.exp.,2.281098148340371,1.1939050165315956,1.390234148463679,1.2874864031711002,3673.8557755551715,1386.838182838548,4251680.016520508,1658317.9755957148,53.06071171953057,14.684250896259753,0.3979676991600955,0.13077723934487243,0.46641563708610945,0.17447419931428232,4.769302462559727,3.078790474920815
220410_Pyro_plank_112_16S.16S.exp.,1.7574827818357783,0.9980285906156803,1.7723514642446154,1.3306607664386418,2490.3797731321874,2343.779178140231,3058140.5790622924,3039919.3258447917,36.319621067461014,20.667622602834196,0.571668636698794,0.2518750371030229,0.3805335226017759,0.24277194230554744,5.321047422857194,2.5506187297516334
220410_Pyro_plank_91_16S.16S.exp.,2.967355425150512,1.7570167405411166,1.4668026280979152,0.8873765821484865,3157.836448156371,1088.7650641166053,3556267.706059559,1245064.7967063955,55.89420417731575,10.063218502178067,0.44323085878158347,0.08557176811870203,0.4646702479518074,0.09856076862247723,4.8562104446766545,2.1373453804176865
220410_Pyro_leaf_148_16S.16S.exp.,2.7501403301941174,1.8166963988183946,1.3404793849541143,0.8332718681086235,3732.192515347818,1165.6907898966701,4409584.268353024,1524117.6233205553,53.825358326063565,12.967259302651716,0.34816273861708874,0.12075083622750252,0.4509541367287535,0.19321671904826743,5.397994851337734,4.051850401544649
220410_Pyro_plank_96_16S.16S.exp.,2.9728572855424256,0.3480816398684861,1.4255250607791814,0.9902335247380706,3280.648456456241,460.9834172875113,3791531.7984177414,723002.1428259591,53.07209519822238,9.040199985316157,0.32354087763726497,0.08011695591619374,0.33185278652599387,0.09833019006136397,2.8308727529014455,1.3805296292036229
220410_Pyro_leaf_150_16S.16S.exp.,2.319768062719178,1.366313393251128,1.2847909318813473,0.9691073913095254,3515.630315996965,1325.5573907580228,4107654.3058969034,1656949.9859015357,53.68083287016244,13.384338063845838,0.385006743644916,0.13728820324701257,0.48365369320203905,0.18212181384008042,5.174246476917819,3.5024285231874748
220410_Pyro_plank_117_16S.16S.exp.,4.096716722784465,3.163109577634362,2.383033820643812,2.154104429083384,3469.1694318568443,1445.4513047476953,4048637.946471313,1777183.7305681885,47.690302392118845,15.108345140755242,0.4030807831620007,0.15353921394051376,0.4252252688370981,0.16981985807847702,3.6862826828771307,2.788822076509443
220410_Pyro_plank_94_16S.16S.exp.,5.569425906417749,2.2891725334388937,2.498235949587262,1.5664003747812754,3963.196676944011,998.0942904591416,4689644.35117709,1231581.4844888572,48.73399866151348,8.73188994241586,0.4139510286802709,0.07719839935253296,0.5463043864310401,0.11700060798292239,3.2227527209946256,2.961494918686299
220410_Pyro_water_03_16S.16S.exp.,2.6126713110992865,1.792328412665338,1.252449214209092,0.7477020934780321,3365.0686953815384,844.8876677646844,3759538.4762453744,973350.1698218136,54.06897431865032,13.160231065173875,0.4106746968617951,0.12244811800578753,0.5436643375917325,0.18906172467220195,3.089724198837787,1.9961266913150382
220410_Pyro_water_30_16S.16S.exp.,2.5687048952870475,1.1894379547491243,2.1429774342645618,1.9901786000980677,3012.2402412715805,1693.9247825356028,3421405.9401442693,1922434.318289342,45.170914169534306,17.425010537443953,0.4197404935456889,0.19857302893567066,0.5829659807807834,0.2840346239378806,2.7059368233167995,1.9680327463202774
220410_Pyro_water_26_16S.16S.exp.,2.8544196108739848,1.5783877681303191,1.3582551025789071,0.8997525199514347,3071.502110070308,950.4148139202036,3440616.974703915,1121720.471196888,46.41699810912666,13.97600809594277,0.4013280243260469,0.119511077639561,0.4379462623247028,0.16208316589112187,3.6168953704666587,2.7310123985371413
220410_Pyro_water_77_16S.16S.exp.,2.154987675549719,0.9575496345087334,1.4015683763057105,1.1997955964547595,2713.197798620469,1115.595701641146,3115046.86925683,1476499.9326777668,42.443578106412595,10.12207644153964,0.36755314801919914,0.1457471606730696,0.4513918065478243,0.19023213930176835,2.4412033058226146,2.1806032843438468
220410_Pyro_leaf_146_16S.16S.exp.,2.3967793650857536,1.511846458372009,1.2821109790828218,1.0531767994297638,3792.0407961325495,1224.5097134365285,4354257.319062348,1459926.686577147,55.17764192877338,12.131204643673255,0.3676378368948354,0.115754117046512,0.45700817587946385,0.17656134437060195,6.06241640970205,4.4431510471490245
220410_Pyro_water_35_16S.16S.exp.,1.7882230972004456,0.8232237139240217,1.5865981361732757,0.9694421362647965,2694.9090088651433,917.1466902550769,2967805.304641169,1134795.5584406857,53.07086643424435,11.04599697891587,0.4293173628463358,0.10646173422022925,0.4637784632004414,0.09955976515685477,4.274537962927115,2.346835423675257
220410_Pyro_water_39_16S.16S.exp.,2.7875651992745825,1.1445530419575947,1.9090499494772146,1.2556831092076592,3837.213391289012,1369.0121512612693,4426969.495639772,1694456.7384015403,53.540313089179435,13.089073265813607,0.36013134404831265,0.11498264470095719,0.47534833813970906,0.17755826320348278,3.661503545446676,2.4843726831165833
220410_Pyro_leaf_153_16S.16S.exp.,1.8775848883102026,1.090546952009581,1.417777310478702,1.1060006585059605,3662.07001459872,1197.124366146867,4308742.936076748,1539628.3163349757,57.20212476230331,12.315648869082544,0.35981138897841514,0.13305208043799024,0.5033526301629317,0.1977862571640468,5.14092946460957,3.29952467250942
NET4.13_16S.16S.exp.,2.1130183035832317,1.1846679490217806,1.3880934746029052,1.1351201023329645,3146.043629483505,1402.5612374332181,3586974.094525333,1913401.5472484927,46.44470995365327,8.071577973620009,0.3595563852933291,0.11401791865914594,0.5011071473713101,0.1750929361705431,3.8733313104845424,1.937867473779037
220410_Pyro_plank_95_16S.16S.exp.,2.938912633238872,0.7058657250901216,3.316137054717357,1.2913514408425766,5379.008102727751,1341.8809221938793,5991781.677671727,1477738.2574783608,48.87622259174227,6.832070438299085,0.37940013764351893,0.06748089145378512,0.3963807432818922,0.10194587835022155,6.525712103217613,2.1242196505879978
220410_Pyro_water_57_16S.16S.exp.,2.480656109663732,0.7705978528714346,1.1352683935915393,0.5297594975334169,3414.5684027057255,1124.47223896952,3951411.4203739553,1489875.3680729019,48.16546203325259,9.524430623749588,0.3223500627357002,0.11680187996640262,0.5132840765738511,0.2244699762031669,3.158024682737714,3.154112847895078
220410_Pyro_plank_116_16S.16S.exp.,2.894060729818369,0.5741255972812643,1.8106606461491588,2.5404565188872636,3222.4377458611743,621.1593563750617,3541362.0662505846,808237.3931421456,55.20822554732502,10.781717530630187,0.38084076569274644,0.06966287451805561,0.39570895372731674,0.09198687256661643,3.8429020011232757,1.0979797681338117
220410_Pyro_water_86_16S.16S.exp.,2.0769590435672973,1.1357417819564637,1.1164766815481526,0.5013611761332859,3011.395026468384,1325.2656513156578,3458716.735671548,1882416.942077269,45.43366863057428,5.3376039328065215,0.32615668981500934,0.11384535236499267,0.5451112240086307,0.19958963218127548,3.5827816667488666,1.611619028621888
220410_Pyro_water_66_16S.16S.exp.,2.1166627665147697,1.8573479198285057,1.2056142236745087,0.9807707217122037,2965.0246081954233,1193.901666023457,3290524.1718630027,1518276.1457608475,47.95911096873953,11.055985290625388,0.3590709523419876,0.14630384232618676,0.43200216297871236,0.19946031773283138,4.361131098194727,2.2310967442826017
220410_Pyro_leaf_132_16S.16S.exp.,1.7305115855528361,1.021577296970334,1.4656044637427714,1.267940397537956,3532.0496787912334,1736.0520832640323,4268252.764724636,2243057.2366446606,50.36684413868048,15.805315740357685,0.3834337830718624,0.1860247489294798,0.4944387365161446,0.2185981443443432,5.767508874168318,3.516161654803712
220410_Pyro_water_43_16S.16S.exp.,1.9461557301789734,1.4183761859339048,1.53383919416856,1.214166988514028,3499.348692657863,1309.1562875456752,3942373.3378900876,1705925.620505363,49.32903206981389,10.67438478858396,0.35305102490461493,0.118850281610813,0.3797471926359895,0.14790452732661633,4.113809499390946,2.224708482848015
220410_Pyro_water_10_16S.16S.exp.,2.571702038773983,1.212901400597244,1.2652059669967557,0.7528673268068619,3451.4864066309747,879.8692089808708,3959543.388311664,1108847.9986599688,50.431341763093975,11.780883333447461,0.33543590444435073,0.11873625321044295,0.4831367395194804,0.2209136470128704,3.255280370738946,2.023505102623369
220410_Pyro_leaf_174_16S.16S.exp.,1.7792078008784944,1.045163816652605,1.5342518836237804,1.2176222742329377,3732.8170670512945,1510.314083618839,4366130.046636058,1962979.6681358756,54.05703282685578,13.922711225594236,0.39541321136744056,0.16872685582256122,0.5025064467324465,0.20319108816936288,5.233096245330294,2.8236800868090794
220410_Pyro_water_36_16S.16S.exp.,2.3550383051684203,0.7002108845357523,1.1719952789150372,0.5684783026197605,2707.261721986473,845.726417545255,3042329.104370986,1070731.0740076667,45.05729352376718,9.732684233088962,0.3681816725845704,0.1217388366918043,0.46744060216601396,0.19590395602296196,2.8019285818767394,1.7137870803161477
220410_Pyro_plank_114_16S.16S.exp.,2.730594766308442,0.7541014388002899,3.0893403130435297,3.758881830684043,3102.352632712159,1027.542059009391,3505934.3177780304,1257133.8745236243,46.86334742156052,14.970754311716393,0.4048030681670128,0.1193385352795933,0.4023349049656513,0.11940806214565822,3.9655882640992637,1.3909951562103
220410_Pyro_leaf_154_16S.16S.exp.,1.9256300284890822,1.248529978824999,1.4535809441472969,1.1276417637721643,3351.215027517453,1586.2858148517782,3925726.7706438284,1969377.6423359348,51.81796168825836,15.600566473264568,0.40326693611550474,0.1617084871102335,0.4902557700463806,0.19768439371927177,6.031453187978989,4.197093525834722
220410_Pyro_leaf_167_16S.16S.exp.,1.722816309446225,0.9712280748672862,1.3138753015697848,0.8402422498130838,4054.3817306590936,1293.1844350196038,4905416.867055282,1835820.298349079,53.904464102186935,11.409138932480989,0.3037347322400008,0.145356376400813,0.49372465529086634,0.26692315019420226,5.506108065639215,3.52591269315219
220410_Pyro_plank_113_16S.16S.exp.,2.9512705092111418,0.6776541981131398,1.1381541618071176,0.8800197023067359,3258.4658137508077,684.7955577889071,3611173.461379276,988147.0853664457,55.392583785260065,9.884608553600733,0.3467413865822706,0.06314284290263965,0.3687510835802334,0.09981509671811926,3.352096111920614,1.3342555173060435
220410_Pyro_water_65_16S.16S.exp.,2.0281052122419267,1.1567005023696821,1.1910016481154626,0.7337596494755554,3047.504607024494,1152.5432572066518,3412218.105308007,1563810.5575695634,49.15840460121342,9.06369963155228,0.37740813096223025,0.10627030938751963,0.502857606953857,0.16306450356479377,3.6678319313023704,2.142155307249075
220410_Pyro_plank_100_16S.16S.exp.,3.005634379759985,0.35599921831218867,1.592209376898151,0.7280787590340323,3223.6201673436403,469.4370080274697,3938259.572856385,783996.3610274948,49.888651766148435,8.441094379778537,0.300205657457348,0.06970247476453448,0.3045614766012267,0.08253745889575546,2.1785002823955706,1.5139037893154073
220410_Pyro_leaf_123_16S.16S.exp.,1.7509839321365064,0.8843279591181353,1.3041257338076022,0.8371215052606163,3749.9268927631138,1365.1746861932954,4488201.941983166,1755392.7182604265,54.94098893269865,13.104414465049874,0.33674970703576007,0.13760968836690923,0.5355694933021158,0.23258034633764835,4.608248337803244,3.408045879519316
220410_Pyro_water_13_16S.16S.exp.,2.8503962260507247,1.6891942781461302,2.211340830146558,2.0019971367358402,3592.1739022483994,1777.9913590694923,4116510.6562849004,1974199.196493612,51.925137518843265,12.9263172675895,0.45991363083946213,0.11144685057027372,0.46689782208005226,0.12624683411300772,4.184897329561309,2.9969652956985793
220410_Pyro_leaf_161_16S.16S.exp.,2.204305437613852,1.1586873244176734,1.4518857939707328,0.9318463593538067,3695.1012766643266,1160.9729347287757,4327785.561100063,1475675.6528975056,55.52630191056589,11.372435416370726,0.34509458528681686,0.12456343502859453,0.48465173733068545,0.20224980743172408,4.598054464657799,3.2932176887367555
220410_Pyro_leaf_179_16S.16S.exp.,1.9697168968460448,1.1634759594793544,2.5575682244173628,2.1003130509972103,3833.707619388834,1403.515975764077,4623633.317703143,1880356.7155153474,51.001285275712604,13.58959560293932,0.3867521242736709,0.1492678162978976,0.4898104236711162,0.20281721641040795,5.489412109699011,2.975469105975519
220410_Pyro_water_11_16S.16S.exp.,3.143365951749836,1.6058608184596623,1.5731409199429707,1.2101942130345078,3617.0244558300956,1256.1819605736405,4150110.6265015653,1396860.0006696768,48.68365903726756,11.616090595812993,0.3794738846294572,0.11758478901000147,0.4891191896245892,0.20654433714712975,3.604569987605576,2.878718427005399
220410_Pyro_plank_111_16S.16S.exp.,2.873085058400198,1.7851429086499424,1.6550440487811753,1.4964669282572973,3342.7283346530244,1314.3168531173972,3961153.7115843697,1831280.039696876,48.81625770471963,12.884602917346045,0.40540073626783485,0.12950092448747422,0.5107369123203344,0.1904178303742644,3.8823627752481302,3.117486517760578
220410_Pyro_water_88_16S.16S.exp.,1.785487785092812,1.249931549229048,1.228463120983113,0.7393944209426639,2411.0047539813786,957.5313870269873,2569836.325245507,1168975.3152701643,48.97006010234227,9.164494879838934,0.4153827392171894,0.07540343375311492,0.4311863191638341,0.08988158316718341,3.707764965327658,2.3279476792204603
220410_Pyro_water_37_16S.16S.exp.,2.0736209856266172,1.2118854579363738,1.2434133399197287,0.9107876164466054,2883.1207832325476,1129.5548962377432,3175305.3135804795,1457057.1027335823,46.793714453463025,10.07194536677483,0.38535203770607207,0.09921791883149127,0.4454551568313403,0.14164327681292385,3.7808978283789916,1.8559463355193084
220410_Pyro_leaf_139_16S.16S.exp.,1.9169016288968803,0.9842578218760741,1.56775568829077,1.4325604011495243,3708.8088023799123,1337.3878641666658,4433857.134820149,1770977.6598649211,54.194753527432,11.936971734116192,0.3313168066252348,0.12758365708170044,0.5252148583767764,0.2312751653400767,5.59320887168274,3.908274886277708
220410_Pyro_leaf_136_16S.16S.exp.,1.6599427031827623,0.9245411614772845,1.4171372960692605,1.1726410961608074,3324.9754721837567,1701.454565377815,4011983.457242561,2235972.801334075,49.813715772849925,15.257443162272411,0.38718394060721034,0.18742316189605282,0.5074714547571765,0.23443459356957905,6.100478721584183,3.8919391300869153
220410_Pyro_plank_110_16S.16S.exp.,3.0270746073327635,1.2056737016843782,1.5027999239372474,1.4557433874696395,3142.440646047688,1036.7588721135269,3605733.3308026055,1364579.5637873437,47.371214611402344,13.228269398247585,0.3444060068142561,0.10981250561017197,0.39690065504041994,0.17434601539344693,3.6074038707385454,2.5447682138902255
220410_Pyro_water_02_16S.16S.exp.,2.5436688430858987,1.1073081866703576,1.5509442795368822,1.5834673155475338,4122.608242753732,1073.9148971242535,4971201.166076279,1362331.7712144903,44.361277515404815,9.49792121321991,0.2689177897022899,0.12629103654714585,0.4553678792304914,0.25790075760112496,3.0064524041301,1.7737197539970642
220410_Pyro_leaf_178_16S.16S.exp.,1.9717034624291647,1.4301380668333386,1.9031336107150447,1.6753704920917831,3686.00978390316,1523.640093309593,4493444.358523804,2053322.356038479,49.138759198209414,14.27605132497358,0.3642703140697833,0.1616870970403784,0.5113126645117068,0.23112060411843938,5.084645820631004,3.1422185836121317
220410_Pyro_water_50_16S.16S.exp.,2.146991776085494,1.3929125883240514,1.5581462324896946,1.2274461901940628,3373.0934924674625,1279.7852791339121,3922391.598103638,1686865.8731124932,48.964409213619554,8.58005561096268,0.3218582081125486,0.11119782339550027,0.586329648163111,0.231773555500224,3.8917314052883185,2.6841084413060106
220410_Pyro_water_08_16S.16S.exp.,2.002383243714634,0.8453023239570674,1.2019220404253563,0.4648429401121666,3254.7928948762124,1020.2370977595534,3786186.904354117,1323757.0826917621,48.30901373794379,10.73048574834419,0.3605727589180532,0.14753395231789798,0.5573456379128803,0.22734757679028336,3.1511841680624824,2.006689222519399
220410_Pyro_water_53_16S.16S.exp.,2.571026447382864,0.6673349028837628,1.1877605061695795,1.0288200469618887,2945.787079815749,737.1925273709179,3307600.6904938165,937707.5895726109,45.39206906467224,11.314346479883683,0.3262938075225223,0.08850363003002049,0.47386006106513273,0.20464033070715018,2.686743709712794,1.455103115748589
220410_Pyro_leaf_177_16S.16S.exp.,2.082279724024458,1.257033655401123,1.3597044687329047,0.8472925132678857,3573.4641313844977,1016.981169342934,4209755.863161206,1324150.9648212986,57.072563582124516,11.71985236895619,0.3429269616212541,0.12029356618391068,0.5027132032179841,0.19663832837291606,4.942712203190897,3.1117730912401886
220410_Pyro_water_40_16S.16S.exp.,2.3645010476245427,0.7030895618599933,1.2712963233759575,0.6030691812219834,3557.5911421339506,1046.576406932832,4230691.228007285,1482011.108303448,49.1530840813596,8.651734847552424,0.2941910974977433,0.12175782477544665,0.648547302064275,0.22138487268341744,2.688292388128547,1.7308030221693331
220410_Pyro_leaf_134_16S.16S.exp.,2.577802519241428,1.4940175999489171,1.1545592633788435,0.6606479442038414,3576.5609855119083,1415.4673765985874,4207559.155906869,1726944.239560171,51.65862926361928,12.818009817302334,0.3724304578975234,0.13830978154164458,0.4725727667515187,0.1911085422474129,4.717670775141644,3.231284722976285
220410_Pyro_water_55_16S.16S.exp.,2.239919285091513,0.694951579391778,1.1821723248046598,0.51615121890254,3309.671408246587,1168.237144543056,3913066.753791947,1585380.4187147038,48.3789229989817,6.931629294706737,0.30252204634367336,0.11926982877779728,0.6187546008943581,0.2391728359692319,2.4397543491776172,1.2336068034585979
220410_Pyro_water_27_16S.16S.exp.,1.7537164096594908,1.0425129209183124,1.3274158182388973,1.0554428371063904,3997.514491733224,791.6140162334888,4721450.323110604,1001498.7319788539,46.68238466462756,11.93046378400792,0.27098929439910324,0.1381895393554625,0.3139803933155907,0.19511178606631005,3.3250819447934545,2.3367119393439535
220410_Pyro_water_60_16S.16S.exp.,2.900944184755584,1.6286862736737642,1.7172958752437122,1.3818952536218132,3400.5208155064497,1476.018238288581,3947864.5110984207,1810624.5530862603,46.661503094523695,14.65273666673249,0.3833281606062329,0.14579212106335937,0.4453088904315496,0.18279646093767163,4.04445287556694,3.1758515690605895
220410_Pyro_leaf_124_16S.16S.exp.,1.907709298651212,1.0089853822626889,1.474807642986826,1.1931159870963417,3580.6873731307983,1644.8408300030717,4351804.519786413,2125014.5056142737,46.95617769959484,13.61145693475928,0.339429012043094,0.1978979463784298,0.41838115900236655,0.25952496741509956,5.188858902670238,3.999135203591003
220410_Pyro_water_48_16S.16S.exp.,3.2874225838303563,0.9034826323815135,2.8703846047539097,2.617602911008415,3997.5497667541604,1384.7110473013004,4602265.562563333,1848283.445745103,51.70136349506258,11.552793839119477,0.3830214860602456,0.08138986916179942,0.3845161221993841,0.0841321132327515,4.386299028003074,2.154030015768469
220410_Pyro_water_31_16S.16S.exp.,2.58821718917312,1.2189388593292605,2.1491063160130337,1.0014719375505057,3271.6247608612935,1338.941911364811,3632043.6867030947,1611562.7145710546,58.27861681643693,9.050817362360064,0.40233325992750085,0.05967142603182479,0.4180221091309454,0.08019890884748858,4.483635399641987,2.8845293341793057
220410_Pyro_water_73_16S.16S.exp.,1.9498878869391674,1.059026099193199,1.1161831461474887,0.668353096072557,2942.723950764546,1278.1809412423665,3320376.411995915,1762477.9698836026,46.373982025792394,8.146765111602722,0.35466645607979924,0.12657358368581523,0.5022104443815094,0.1865026844659615,3.828183556202251,1.840957097474542
220410_Pyro_water_64_16S.16S.exp.,1.9735656796288779,0.8528609799445287,1.2802918070835174,0.6814393351553756,3132.2044074200876,1106.525084714117,3586619.5793188866,1392444.534852432,48.717274753043355,12.724707089674133,0.3651960427485247,0.16300058757516836,0.5613958441640621,0.24182463175678418,3.298727499693847,1.8876888225727315
220410_Pyro_leaf_155_16S.16S.exp.,1.9259343263071789,1.3064063154618004,1.3327390483832597,0.8307436813282737,3723.9149222197675,961.9120636776603,4263648.028608188,1171403.7591617096,58.95218630428914,10.001723269721715,0.3605613167361936,0.10397421629521343,0.4781130971198662,0.17499654963427264,6.762538824699596,4.665369839208852
220410_Pyro_water_52_16S.16S.exp.,2.2990695695164547,1.0581129692153888,1.4111121576421046,1.1972949837696496,3257.3729849922524,1259.4573797837525,3728047.9735001232,1705465.2766186856,47.770893021156276,10.28162688113467,0.34992730131012006,0.11699658013716654,0.5220535916949034,0.1839447089684742,4.1476005816499075,2.326212601873854
220410_Pyro_plank_106_16S.16S.exp.,2.9447299491432957,0.5359829502565336,1.216663624704206,0.8978338882305651,3004.2948016055275,589.0345151363101,3279292.8244051826,731953.4460962286,52.997215815886754,12.17155684308704,0.3502319422918259,0.06278236101968683,0.35729088828603167,0.0800242793687908,3.46824411825216,1.319896913519314
220410_Pyro_water_04_16S.16S.exp.,2.0548095518760547,1.124391428595115,1.3261456436107968,0.7460169220303294,3662.0038409573826,890.1996575569981,4291134.784720699,1144462.9468321018,50.68286159177484,9.887372352353406,0.3041422975329725,0.12851340750611356,0.5517204097631819,0.27173089777377346,2.79745628478896,1.8537759552130648
220410_Pyro_plank_97_16S.16S.exp.,2.9024402520535637,0.549979637127349,1.0717823034042337,0.45185162727937617,3017.3135389971144,531.6013753992319,3245047.9049604703,623449.9839857933,56.4307241215917,9.208478345193264,0.37672380595356936,0.047789408761871835,0.38246632880991366,0.06274295929665931,3.692388638520836,1.081321440871587
220410_Pyro_water_19_16S.16S.exp.,2.301709837299025,1.958357466314929,1.4816211406014226,1.3045973110563698,3662.7939067390553,874.2150653213531,4237320.301822683,1049927.4843747574,49.67758755434859,12.771964677653687,0.322334386987056,0.134987238602219,0.44455242888819135,0.23412879125774627,4.014725008231316,2.6252501835521405
220410_Pyro_water_16_16S.16S.exp.,2.216780275063156,1.7930590139746074,1.3479116952493324,1.151598346660337,3391.5467261251083,1211.4231661759732,3883700.1203784384,1437559.6479589932,49.83205564706704,14.149950402008493,0.38446871184676396,0.15678809727343082,0.45983736259319435,0.20641483842143163,4.735791663534628,3.279337677314935
220410_Pyro_leaf_143_16S.16S.exp.,2.2788807565934524,1.203236075485151,1.2446303753906685,0.69299645625466,3561.0601385302853,963.2061304792844,4186311.1199609977,1182843.6529705112,54.92363612390117,11.575080059213192,0.331746760028215,0.11239742655980108,0.44733457744334393,0.1998564347286385,5.223826048634993,3.605281246467112
220410_Pyro_leaf_147_16S.16S.exp.,1.901988390062084,1.24790980700063,1.2018442134031786,0.6089214522135026,3764.1163282963375,842.3344311032783,4303420.339434555,1063933.0609581943,59.152516390912915,9.750820622127659,0.34738143587552545,0.09159368950410803,0.4432375698665364,0.16970398800204964,7.879877681269986,4.804006830799847
220410_Pyro_water_70_16S.16S.exp.,2.054750414153131,0.9538266329597516,1.4241455553351225,1.0489465739188006,2840.7986668806325,1094.3951215596212,3222860.8460984617,1365834.7953967159,50.82964072561769,9.174872349744803,0.34564908036642955,0.11710353217112375,0.5252958917127836,0.24485644912972213,2.945954991266167,2.0896365836250137
220410_Pyro_leaf_172_16S.16S.exp.,2.562423399346545,1.4678756040491183,1.2758569335990047,0.7291467352993052,3663.963989789324,1143.6372771982656,4241172.543882982,1475382.6371775472,56.45110121401261,11.191963993476161,0.38093651316599103,0.12259469896727553,0.4729686875406303,0.17474455771629457,4.149717946387469,3.0197968708564646
220410_Pyro_leaf_149_16S.16S.exp.,1.9797778186005048,1.155847777788071,1.3522320131560446,0.9416667124085858,3916.4676518188317,1348.315556901098,4765010.68485604,1885153.052096213,52.67655731045267,12.14468489830376,0.30511854949089756,0.13449481524023163,0.4452273278630911,0.23784040532203007,4.825886098632933,3.6588158767234265
220410_Pyro_water_46_16S.16S.exp.,2.3959935638577416,1.0741043486212876,1.8516469225473033,2.0568781260819637,3013.317647357478,1377.359543039394,3364179.8166224854,1835640.567759955,48.00943073679001,8.018901986858893,0.3974372939867141,0.06406657406201427,0.41512502985536964,0.08730757306589558,4.279307240821545,2.0503010109426287
220410_Pyro_plank_115_16S.16S.exp.,2.385304834922265,1.2902538226499858,3.6618539094022298,2.782373190189056,3017.4681278558114,1591.1953486452758,3494621.757245718,1979507.3531630845,47.99689923443347,17.390212078854667,0.42020930131666057,0.11839987818045072,0.470607106039213,0.14851013489325476,5.019352970327295,2.3374732949522787
220410_Pyro_water_17_16S.16S.exp.,2.177299555673453,1.4364056155051808,1.6541658376992285,1.5431829539786404,3492.2026042472608,1156.541823251179,3949683.8912431565,1367721.289903307,49.63459367150488,14.215744004324508,0.374094553858155,0.14255140603414088,0.4042677839179368,0.17851091303429129,4.088331195366873,3.1230820785935536
220410_Pyro_water_28_16S.16S.exp.,2.989466143871904,1.879099191728835,1.694463755854729,1.508455758719195,3786.216692021103,1258.4361896891085,4242064.43715654,1456611.0143133446,57.344376878461524,13.290024706373496,0.4262152210767001,0.11408623721264578,0.468376647696607,0.15739914841390157,4.204171554628092,2.655849114227994
220410_Pyro_water_59_16S.16S.exp.,2.502817487989594,0.733426713439671,1.1194922595477672,0.5861146892814139,3117.98187061335,850.6507461141272,3564278.486880201,1140189.7458316651,43.31507977593608,11.287227309832955,0.33537991271318524,0.1251780401541909,0.5458239707261667,0.19388471133971621,3.041030810255826,2.051444771361358
220410_Pyro_water_42_16S.16S.exp.,2.642620299939811,0.9591673055169169,1.098607279952511,0.38373918008288393,3843.4076981295225,1079.7508354992522,4616792.277077807,1579601.559879767,47.03702216158432,7.270686573266324,0.2732879139872894,0.11958288511907916,0.6242155799311983,0.21506603616494324,2.7497324833331303,1.372295662277301
220410_Pyro_leaf_141_16S.16S.exp.,2.0389825658235026,1.122259008778503,1.296326262019572,0.7984530086026683,3693.384418455805,1420.3498778970443,4440953.784503018,1990433.5210546674,52.17992029255335,13.262467560076434,0.3426271495702006,0.15408436465333591,0.4368797160375191,0.21122210712509795,5.142303672149466,3.8113383032468975
220410_Pyro_water_29_16S.16S.exp.,2.114299381141723,1.1176926106878502,1.7497384914455307,1.7411808936359792,3856.431184278714,1158.8737213616944,4524749.810369177,1411936.1524309386,45.73154610662298,13.311731515437858,0.3168263215803776,0.16372652533071447,0.344490050373352,0.19210546542763998,3.5871206107414126,2.174735130490377
220410_Pyro_water_62_16S.16S.exp.,2.501679349032083,0.8752116345894332,1.5109374146526322,1.3148703400232933,3460.9647248507913,1252.398714612685,4125743.2488949453,1686826.9005552826,45.60425230287096,9.794452523818817,0.30264281447435043,0.1395764244485218,0.5796702420184242,0.24365481852266682,3.000016775429573,1.761016727717219
220410_Pyro_leaf_137_16S.16S.exp.,1.8297164330407976,1.0808681123683037,1.2390204214023888,0.8138648935762178,3942.0307461817374,1532.2287960775477,4805863.408374756,2116601.0597482575,50.35669021103095,12.680379452707504,0.3169274946926836,0.16320588715700554,0.45436972042224405,0.25967760600896855,5.1902839351342775,4.042126951979234
220410_Pyro_water_84_16S.16S.exp.,3.1119250882915614,0.9583982510820183,1.4827859929284752,1.9027595576439802,3505.6957279705102,886.0196637488039,4047852.559723795,1214626.8366000042,47.39564509726476,12.162635506428046,0.3297200997235979,0.10753947762837346,0.41772645252835894,0.18634850142616674,2.81316630077747,1.7935473281019267
220410_Pyro_water_07_16S.16S.exp.,3.062702076054367,1.5131598705364373,1.4687208422597313,1.1656632260204614,3222.597051855998,1078.774566389414,3681651.4592168033,1172305.7025927363,46.239712082704465,13.747310665743631,0.3428093006971408,0.107457503473284,0.40252897794117154,0.17991893973588743,2.398425664913685,2.2258356467052267
220410_Pyro_leaf_169_16S.16S.exp.,2.1752720902409726,1.2133121292272053,1.3274803689044192,0.8246219494397229,3638.6671136133773,1086.7783683099806,4246510.341091633,1351321.4486358024,57.87939265511109,10.224128594705864,0.3504122329509136,0.11300923346176667,0.4922541601100237,0.18684161339212432,5.681545844982705,3.845950835422793
220410_Pyro_water_75_16S.16S.exp.,2.550742709628901,0.9438630441452805,1.064326741696685,0.4904893454563734,2879.992211450364,1012.2887573576625,3263332.532619961,1432485.3765860938,40.71254606863622,8.933197736318888,0.30216978537305356,0.09679204597658311,0.4224968084325188,0.2034789712496026,2.657588902531783,1.492076649254217
220410_Pyro_water_33_16S.16S.exp.,2.452335036957508,1.2337147972403835,2.09188846309745,1.3370598942521748,3540.026449729275,1479.598574035196,4049847.437367666,1783076.0645185825,53.49636615422992,11.400628502922046,0.39309965280451625,0.09500195287432092,0.4540343671641652,0.13980895774337235,3.919062951831058,3.2371066152220265
220410_Pyro_water_23_16S.16S.exp.,2.545439098215511,1.0593342447573155,1.4579643369556732,1.1026427020334213,3984.263068361811,1186.2568635076886,4720579.061632648,1506334.673490364,48.43233532823062,11.08909948933519,0.305627506265714,0.15251411157783712,0.5312869135155576,0.23960942253014772,2.787033181905122,1.8284590367618172
220410_Pyro_leaf_122_16S.16S.exp.,3.4693798688859347,1.9219223382945887,1.3250705824709976,0.8016448358604239,3543.456960299236,917.0570287004185,4157248.4449235336,1147256.1010681805,48.68336264086312,13.004292760701437,0.33890595621688174,0.11084501935085156,0.43552336321147994,0.19061629307867253,5.067502703053263,4.576609466888212
220410_Pyro_water_47_16S.16S.exp.,2.246912652719382,0.8335997184590246,1.3388157896545045,0.9233352609853145,3371.6553971438457,1299.8225648346186,3926629.850653615,1787493.5941270192,47.41998394365627,8.77061298798328,0.33928658535576245,0.13267254563132247,0.5718791260281517,0.19312359782242267,4.0444569525964384,2.6882987753635987
220410_Pyro_water_82_16S.16S.exp.,1.9354008241391243,1.0355535960305562,1.1652603713171237,1.0524087797431432,2346.084186015045,1025.4315658624641,2573730.6077078544,1347327.7645929079,44.20464318199965,8.59366890820113,0.387310880065716,0.12503378292908096,0.44568765079084843,0.15715943743822738,3.220770861942709,2.4675366290175895
220410_Pyro_leaf_129_16S.16S.exp.,1.7786258381959947,0.9331728128470899,1.3850012904377365,1.0512202309651617,3832.915489035891,1727.8284350673146,4695045.086622831,2314572.9289966747,50.06476244499062,14.47400541670993,0.3412188939682671,0.18593190472831966,0.5156914129656875,0.2752441838655848,5.770936705262255,3.499595827085156
220410_Pyro_water_22_16S.16S.exp.,2.6361785657841903,1.2168699704134534,2.000176814909638,1.8678097564971214,3255.3825836442784,1548.5240170868078,3739816.174921039,1791370.167052568,46.00592052124624,12.549956194282053,0.3875556113424173,0.1465905449998632,0.4942404377534881,0.22764896964992817,3.5842320196414845,3.16281992307155
220410_Pyro_leaf_131_16S.16S.exp.,2.0161955410894854,1.197906083326185,1.2061790360808824,0.6577735123407354,3514.651590627299,1078.4250342453793,4171096.584318262,1353468.2210397443,53.43407874787134,13.2888923644517,0.3368028933802625,0.12943342959643675,0.49229602769329234,0.20694020774864794,4.942213752228174,3.0181443935777628
220410_Pyro_leaf_170_16S.16S.exp.,1.6363566013443789,1.032777168256885,1.3292026219333608,0.9161470536889565,3292.6073496086833,1664.4629125439476,3890199.6476457054,2134107.815492914,51.211286004714395,15.731565309623173,0.38313105918336005,0.1720358697382837,0.47913359321277643,0.2151932075923606,6.4746238275133665,3.8377970159809967
220410_Pyro_leaf_164_16S.16S.exp.,2.5977941937683013,1.5684788679196966,1.1848345870413635,0.5702768097093047,3472.526481292886,1258.736666069344,4016011.315964272,1541298.5423143709,55.13097463539686,12.05321321783033,0.37746742040590786,0.12343667181875617,0.46123870004555667,0.16928263849601902,4.902732382516214,3.6966579963160764
220410_Pyro_water_24_16S.16S.exp.,3.0808677686533437,1.7124951242937234,1.6491271718250007,1.2240020927604425,3206.2086420896903,1134.0325783300545,3634419.0099350517,1317782.6811129006,45.44127625699331,13.705675238327325,0.3972085969448645,0.11643618915219878,0.45214794081926973,0.1605622476351048,3.5545045038030496,3.1980360784956545
220410_Pyro_water_76_16S.16S.exp.,2.603190666701621,0.8956831219174557,1.0710079518946811,0.5343167423160672,3424.596313178549,1258.2705572293291,4059741.799434048,1771014.332394321,45.25545742588691,8.167000838191367,0.27845040731929344,0.10416632617288973,0.5391092908553833,0.23366092525867715,3.097444952523782,1.8547739188849117
220410_Pyro_plank_105_16S.16S.exp.,2.6279322783237506,0.8102337849580202,2.516065075196943,2.391504260403726,2746.282546506762,1081.1925298337057,3220449.7688291105,1367830.2394716737,48.083195872164026,13.507119522178566,0.3786500358096426,0.12911028073745218,0.355939193503384,0.10462905044921948,3.202604998548372,1.6429903349599793
220410_Pyro_water_14_16S.16S.exp.,2.05737036806218,1.232519289618594,1.2180815601540091,0.9097128069075631,3319.3141770699376,976.0639704949606,3901334.1561125363,1167178.8901469475,48.43624599355815,13.04420122424854,0.3178982169190381,0.1503450082513358,0.4009007731197307,0.22592482202146888,4.026107557436606,2.7179542677793838
220410_Pyro_leaf_151_16S.16S.exp.,1.780295961887451,0.9550901449156416,1.4016241390478519,1.118805088344572,3718.3863726524796,1170.8212323313014,4401319.7608456835,1534931.0468436074,57.06902778916226,11.77967037580931,0.33942469477890663,0.12705528597114035,0.5238968298990266,0.21293208886987386,5.394581465757714,3.3466957503111696
220410_Pyro_leaf_128_16S.16S.exp.,1.7112063313410577,0.9457457534477685,1.4637112997531414,1.1661168604409036,3406.3453570352776,1759.9815120026628,4083097.962510217,2271138.899961317,48.80841952091198,16.408732361842024,0.3970521372174173,0.19690376543167235,0.479535422680102,0.228416543136952,5.976799900472053,3.4610301077248335
220410_Pyro_leaf_180_16S.16S.exp.,3.1958757935419775,2.3779685989492987,1.4736437720185973,1.016323281296182,3876.8124686214055,893.3665863123559,4410078.448624444,1005092.5391698307,54.88180917043578,12.083781664187255,0.3541095675176909,0.09373034909390726,0.411582236391159,0.15572669175680764,6.555483893494003,5.258834185097715
220410_Pyro_water_71_16S.16S.exp.,1.745834522152774,0.9910227817831262,1.056666211975923,0.409945057694924,2634.358492368854,1141.5022242913196,2889230.721939562,1593574.5127790486,45.62332928166184,6.10063255773696,0.36005926557275036,0.10074672253653963,0.4707654558425731,0.16669838841926748,4.048595676227965,1.7568455197300956
220410_Pyro_water_78_16S.16S.exp.,2.957371609582138,1.148260902247505,1.1002537292975783,0.6600294787151735,3119.258944029796,1073.8538951471683,3588975.1393721984,1443812.8128713095,45.53719103576887,11.069400272999225,0.32032604937515285,0.09140345044207134,0.45221383180957453,0.2034101503057974,2.911932580123688,2.1560614172823476
220410_Pyro_leaf_162_16S.16S.exp.,1.7126045700051207,1.1425391646122518,1.414662381348594,1.0235558787536017,3542.078068437467,1307.90514891988,4107708.12179604,1609424.7375419745,56.98349546750647,14.318396403537013,0.3919365545963761,0.1468404998677106,0.5239983475363839,0.17807407030271544,5.325901889629537,3.2570532639301506
220410_Pyro_water_51_16S.16S.exp.,2.132536664230283,0.8482656259223214,1.733265724084085,1.5359357227549,3309.1280646679375,1194.687243104405,3755236.013657303,1558753.705011722,51.03605541774408,10.91321719474562,0.37372271244801564,0.13198078166135357,0.5163542492262758,0.1971382726852789,4.120887807130123,3.2379436487339524
220410_Pyro_plank_103_16S.16S.exp.,1.9979038748675557,1.4933387081831195,5.826122219329003,2.7455478056066105,1872.4992280301233,1430.9535293102033,2151476.1998825707,1748205.2186399759,36.47022041470009,13.256094673052761,0.47060861784964475,0.08899944306159639,0.47582476157656595,0.09934811386257184,4.474238140188898,1.832900880913987
220410_Pyro_water_80_16S.16S.exp.,1.8940819961125133,1.3143945294008148,1.3236570975958695,0.9829985515562437,2992.022924719064,1399.3609538848727,3399619.4703656873,1865907.340916361,46.06414988822669,8.038257819209747,0.3535594570866845,0.13391674071410375,0.4603823195032575,0.19215776304665125,6.093102170536015,3.64066333228415
220410_Pyro_water_56_16S.16S.exp.,2.1569726419717914,1.086409886597616,1.4914087891277827,1.0429123544134535,3194.6848836337554,1043.3980832187679,3555713.6280411463,1371761.5993962146,51.10679366977619,11.473934590019613,0.3949727591255773,0.0881375826410335,0.4574681750382432,0.13306285446068636,5.129441629340945,2.954724697276132
220410_Pyro_water_20_16S.16S.exp.,2.331460729858946,1.1165458140470241,2.594523482625717,2.0349973207149548,3571.447797560863,1416.8942555069884,4086744.0454743057,1660015.453434496,49.65076391592661,14.635209117277602,0.3923237462315824,0.1485866180553005,0.41518216943451886,0.17428920942126483,3.879807220969689,2.669244652166223
220410_Pyro_water_74_16S.16S.exp.,2.16030114511758,1.0006244771935726,1.3031661499290637,1.27540929068011,2310.215652283024,803.1887520214707,2520755.854160193,1031897.2426252112,42.16220540601575,9.113964432852516,0.34464972298640617,0.08942162918145487,0.360724648637505,0.11261969085344642,3.391352194760669,1.7818685038545719
220410_Pyro_leaf_133_16S.16S.exp.,1.7223499716405715,0.9806444642633381,1.448051926222078,1.0689196299750263,3661.1775024559165,1677.169668749395,4406858.019286717,2199002.9655416524,51.23406531139488,15.770829236798969,0.3614308888923413,0.18001329512072947,0.5121692582828905,0.24687825564195473,5.416596132738097,3.371107820449777
220410_Pyro_water_54_16S.16S.exp.,2.6695485566435084,0.9813049684382127,1.3558282184675794,1.123397130173049,3094.1018073702016,1068.1955000217254,3461092.239470066,1314947.1599060278,47.08181495137486,12.426632737263478,0.35146458858661217,0.08608578724269657,0.388630802005292,0.12695133360551603,3.612654050985688,2.483702598506846
220410_Pyro_water_68_16S.16S.exp.,1.900881947331573,1.002329580961968,1.1972387621996072,0.9542714442761333,2324.7902032939423,1764.998588144358,2689056.8780473694,2154462.6937495796,39.23394572822328,14.805095667078515,0.4569937747599721,0.22320298540275227,0.48437829834883317,0.23515315993948482,4.184955839286916,2.828327875755765
220410_Pyro_water_63_16S.16S.exp.,2.2824035827077642,1.2379968444413316,1.476741312964038,1.1560469461606262,3091.970359870653,1432.5940981571239,3526879.567990809,1775788.8583430476,47.43056326097821,10.628700282619416,0.3757939267653804,0.13084901418875214,0.49551126541767565,0.19712668381256443,3.3057299546140677,2.1280907539828156
220410_Pyro_water_38_16S.16S.exp.,2.1217340771929045,0.8963782624780233,1.8477552421333907,1.6533447149922487,3062.162402547777,1253.6588170702544,3522652.1959304893,1503191.5426172267,48.58058901571636,12.613967867033324,0.3716834841303077,0.13844005191506326,0.541905944308504,0.2319092144140532,4.378748538630078,3.230863739048478
220410_Pyro_leaf_168_16S.16S.exp.,2.341863187474525,1.3458520284206281,1.4303102731169353,1.1810843718302906,3756.1146258196504,1113.4869096772356,4275719.551596572,1368709.7049884945,57.791808497379854,11.114053724118444,0.38962103205801657,0.10615639011240478,0.4742388806998344,0.16308283070614982,5.59818226019428,4.180844421324722
220410_Pyro_water_79_16S.16S.exp.,2.362700026746698,1.4895679201321461,1.3095809338537792,1.4039403028921018,2879.660855082918,1175.4090735241548,3300514.818626033,1563779.1505309294,43.302042516096456,9.383916187308719,0.3273368962970469,0.16124855803316768,0.3462550815609018,0.17803083783588425,3.49711576024772,1.9289452063644121
220410_Pyro_water_21_16S.16S.exp.,2.1862870747131926,1.223648961801302,1.3846670715081457,1.1964864412667109,3713.7808212214127,848.9952862499654,4407903.210868795,1028116.1910545222,47.46744946446502,11.653775913921345,0.28055235634711284,0.13691172434045076,0.32589786479361693,0.19912821803579772,3.8151058123768906,3.033915177933953
220410_Pyro_plank_121_16S.16S.exp.,3.0228682860501195,1.0427880321061942,1.1263947041114255,0.6350654119751111,3250.4604222829644,798.1645842615924,3596589.741490867,1080109.2687164762,56.04778434883364,8.636421667854794,0.36365454566620514,0.06403358620442247,0.3975932367427513,0.11545073674496201,3.519826744962932,1.6362286604972005
220410_Pyro_leaf_175_16S.16S.exp.,1.6350150903273044,0.9775145299638656,1.4692167750886647,1.1418347475059043,4001.5314340533414,1531.904143355172,4884822.344164447,2077862.2384192892,52.87016425248709,13.45115958420373,0.3267608866663475,0.17731896752829096,0.47132808804262016,0.25947708023122035,5.541569891192234,2.954299844683352
220410_Pyro_plank_101_16S.16S.exp.,3.1651099607539006,1.8748201443506454,2.7085426292006844,2.06571169358186,3590.8366293090903,1280.8221988986447,4164411.7851119074,1626238.221467647,54.93271066267661,15.443872113033983,0.38428066131895944,0.0954732268594712,0.44604523547424096,0.15433585158256408,4.800990822573185,2.4758036610222973
220410_Pyro_water_06_16S.16S.exp.,2.243742440171976,0.9245444776646066,1.281975234231795,0.5904457317798903,3866.403377726589,944.5507031155647,4640423.825829076,1252486.7352316687,50.61809495241851,8.84640906700146,0.2651548476443136,0.10398721016660416,0.6325667449262822,0.2701470623417966,2.505487287628931,1.4179051255591753
220410_Pyro_leaf_160_16S.16S.exp.,2.278781913732077,1.3808199124294909,1.5578163848403537,1.3147000728077138,3225.63745292432,1721.2843921540837,3828268.1122170947,2156224.675713627,47.085832166754656,16.726983814061462,0.4066834982350903,0.1866426618411265,0.4587597724635945,0.20736721387158238,4.938863275760032,3.52096166872028
220410_Pyro_water_05_16S.16S.exp.,3.1195722248368316,1.4373126470466993,2.3521750141339584,1.6624712950079952,4317.377064277791,1414.4578619611427,4863005.764459345,1536613.8924084308,56.562247400637716,12.708799370619573,0.42446807871059394,0.10195855402078882,0.5226669589473819,0.16890589831235533,4.05088295485141,3.3981415804176747
220410_Pyro_plank_119_16S.16S.exp.,2.7287927137129553,0.7719819527942102,1.1844145142305473,0.6340566978259391,3303.912446053744,684.222678978138,3647624.747501369,881771.2304378665,57.89664902290321,8.632824256496098,0.3653813712872624,0.07853759974583528,0.4046377455730387,0.12294688258819805,4.238637373073897,1.7805639571996674
220410_Pyro_water_32_16S.16S.exp.,2.2645087547118123,1.0004868774689788,1.138443554803651,0.7479678970774991,2943.318135464192,971.4983096260465,3307882.435787502,1280359.8901960384,45.283718278365484,10.456518682557753,0.33308588133707895,0.10483906881646377,0.48789037989511364,0.19666544168782546,3.721405732406002,2.7510693157023853
220410_Pyro_plank_120_16S.16S.exp.,1.9151136841984528,1.2415267920568303,1.1346539099540516,0.5307003127487157,3594.852851985684,1321.2856991561468,4379379.726980511,1666071.5279146465,50.83989400774088,13.524201798802766,0.3127416089838894,0.1426172531151861,0.5019369964828936,0.23811295076461367,4.536136019781524,3.1759692127227264
220410_Pyro_water_85_16S.16S.exp.,1.6994044578267118,0.864070045137616,1.0909150564112335,0.5513826389233362,2949.615562165386,1228.6097488163484,3298129.8138001557,1509121.673002326,46.66846171677838,12.402173880558681,0.3513124698562443,0.16540033805008386,0.4010699305578202,0.2237125290469562,4.903281491911403,2.6610562956793937
220410_Pyro_water_44_16S.16S.exp.,2.361595007885201,0.8804886338256704,1.599481737637856,1.6197299191310972,3247.1798418772305,1284.4617783164917,3773418.9661909477,1753551.7313215542,42.397066689982175,9.417770040973613,0.32557395244586096,0.1319752604603767,0.4788454894749821,0.21291138653550762,3.533474665743943,1.7925964860438433
220410_Pyro_water_45_16S.16S.exp.,2.2589927544080814,0.9317537013153011,1.168657248186393,0.8805592624844392,3024.5516001161945,1156.5729668592533,3440283.6412698734,1604680.9716855125,46.51669136063224,8.560321729401782,0.34046994869440794,0.10272964288734314,0.4643691326445827,0.1825687322845766,3.6237407878210033,1.7702711934924344
220410_Pyro_leaf_156_16S.16S.exp.,1.963957567813611,1.218801847830977,1.4591694622417821,1.0267073086371359,3519.167220586224,1301.0678955587425,4118599.139734098,1625194.181196569,55.75052529695231,11.532136103706275,0.37003846273597835,0.1365229276871439,0.5034183769556008,0.20507280993272,5.651566722356511,4.16046186767569
220410_Pyro_water_83_16S.16S.exp.,2.3134236605544194,1.0986098330780285,2.2438242734116365,3.351474368829097,2901.9130834897833,982.3433126214542,3327909.922212052,1279335.2812844997,42.21517150641746,9.059114972968201,0.35266330463376,0.16608973210361602,0.3599326515799086,0.17768173733156115,3.9569500461284655,2.100377143453206
220410_Pyro_plank_98_16S.16S.exp.,3.1650066988883947,0.5620285475160116,2.4841766698543233,1.4105745979262951,4291.005150978027,1690.3580394227286,4888036.747838585,1822293.0648369226,48.28423130567318,5.9239785239715195,0.35877731118472045,0.06806647457778912,0.36110574010756646,0.07573253713850467,4.902790909098532,2.696899402765051
220410_Pyro_water_12_16S.16S.exp.,2.69996091874106,1.3899509159804122,1.2489612921759432,0.7704425612135418,3316.504585916073,994.0072349802629,3789979.803863507,1265380.1654937163,47.15132794108861,10.508590640126721,0.33958974885683263,0.1062570152187862,0.4506698457281072,0.20512798080249045,3.0963753984807307,1.89572869804316
220410_Pyro_leaf_126_16S.16S.exp.,2.8183676605273695,1.6779668323820174,1.1589002532224855,0.5733366749764791,3478.041955051421,815.8197745949093,4085457.4542647693,972343.4946963062,52.6845218267262,12.264528983181025,0.33180403782082996,0.1091306875109673,0.43648987419793983,0.20146402748513384,5.3814722001147475,3.9940391345149506
220410_Pyro_plank_108_16S.16S.exp.,2.959360077807688,0.5618681462670189,1.073242931954631,0.5247426492670085,2983.546613842833,643.3919326387014,3259295.294703651,802300.706053278,52.07877922125183,12.095351335333977,0.34974050045121474,0.07559886869645976,0.3641472292420712,0.10322282364280591,3.274192080759162,1.3704384556550684
220410_Pyro_leaf_176_16S.16S.exp.,2.446804790549258,1.684135825163352,1.3223683719732366,1.145964444369799,3665.706710618249,922.934581131382,4154103.5661329515,1027036.0337184952,57.13247673881975,10.644802974362308,0.3624047340439029,0.09924475655734585,0.42624014472502636,0.1557467810513529,7.7541790200982295,4.684572617410156
220410_Pyro_leaf_140_16S.16S.exp.,1.8539835810207508,1.263986671822144,1.2383504956527556,0.6955330584286062,3605.2501672505914,1172.2850532816522,4135842.5272330614,1457906.7907940655,58.28032621008739,12.793517936491801,0.42257231480547786,0.14099843980008037,0.4767142887930031,0.1646309632825355,5.046044519599436,3.1071701519106942
220410_Pyro_plank_109_16S.16S.exp.,2.9294220655890015,0.45918378593789666,1.5080275332947608,1.0450976199347841,3277.0808567346276,709.1548589903553,3834169.8957227217,1032485.8074838427,52.07385389387641,10.081516164236533,0.32640741905230736,0.07987497548965845,0.3386611143852016,0.10619482969997078,2.902782922472431,1.811752093593821
220410_Pyro_plank_92_16S.16S.exp.,2.8134808370259305,1.7930547450557588,2.311126262799535,2.057106562204287,3586.6741849425694,1269.1098816277283,4040605.299277396,1436695.504859244,56.50944453766696,14.107701610469713,0.41499605361900455,0.08390019745039869,0.4549978103300617,0.11013842588301165,4.828293601429346,2.1439637807372476
220410_Pyro_leaf_130_16S.16S.exp.,2.404750220795306,1.408884922115932,1.2599778579267211,0.8980251186822786,3554.798422871866,1044.164016339869,4089164.916181432,1240206.0359982555,54.002128128210565,12.9653024211506,0.3779896104281942,0.11508676838119257,0.4396716287352636,0.1609719682696605,5.573523433663177,3.665159240460705
220410_Pyro_water_67_16S.16S.exp.,2.353446804904066,1.0515426106220165,1.1109220014486398,0.6404394762079255,2601.815218124627,714.873491841017,2862057.892591732,952128.5195011501,42.56770310622635,9.81609816365535,0.3281485159474289,0.09515767575174047,0.3472824038585003,0.1273252888310053,3.222180590914795,1.7982938229183025
220410_Pyro_water_09_16S.16S.exp.,2.719185809068258,1.910594773701487,1.5538172001335604,0.996874076184565,3011.5268859541925,924.9097510181354,3404333.743135675,1046953.2911887347,54.41730488082589,12.04754425775528,0.4581012190767393,0.1167926122988352,0.5163128041902993,0.1556912891667757,5.482307914233611,3.5796697266259367
220410_Pyro_water_25_16S.16S.exp.,2.264770538127387,1.288814809568039,1.463452752099996,1.3527486979512948,3984.7959576727026,810.0230101072124,4826452.378698235,1051357.2476455271,45.9119572723994,11.212249032818436,0.24459087080817044,0.1136515844572606,0.37799134917344074,0.2547151723182715,3.3018686860837976,2.4543753515047295
220410_Pyro_leaf_181_16S.16S.exp.,2.1771418463008962,1.3714384454848554,1.444789812711428,0.9224886422717167,3194.3539194957866,1477.5231318034691,3738208.638983412,1785757.837947897,48.01856443465378,17.042440688429856,0.3899816965439377,0.18540345800904967,0.42681783663218653,0.20382817389151622,5.687950991859074,4.215822325840655
